[{
  "_id": {
    "$oid": "67aaf82751f3d3661e6446cd"
  },
  "id": "telemetry",
  "control_topic": "building1/floor1/room101/device_A0:B7:65:22:3C:64/telemetry",
  "message": "{\"temperature\":20.74,\"battery\":5.40,\"humidity\":64.39,\"timestamp\":5000,\"channels\":[0,0,0,0,0,0,0,0,0,0,0,0,0,0,0,0]}",
  "createdAt": {
    "$date": "2025-02-11T07:11:35.733Z"
  },
  "updatedAt": {
    "$date": "2025-02-11T07:11:35.733Z"
  },
  "__v": 0
},
{
  "_id": {
    "$oid": "67aaf82c51f3d3661e6446cf"
  },
  "id": "telemetry",
  "control_topic": "building1/floor1/room101/device_A0:B7:65:22:3C:64/telemetry",
  "message": "{\"temperature\":27.39,\"battery\":3.40,\"humidity\":50.35,\"timestamp\":10012,\"channels\":[0,0,0,0,0,0,0,0,0,0,0,0,0,0,0,0]}",
  "createdAt": {
    "$date": "2025-02-11T07:11:40.731Z"
  },
  "updatedAt": {
    "$date": "2025-02-11T07:11:40.731Z"
  },
  "__v": 0
},
{
  "_id": {
    "$oid": "67aaf83151f3d3661e6446d1"
  },
  "id": "telemetry",
  "control_topic": "building1/floor1/room101/device_A0:B7:65:22:3C:64/telemetry",
  "message": "{\"temperature\":20.63,\"battery\":3.80,\"humidity\":59.43,\"timestamp\":15024,\"channels\":[0,0,0,0,0,0,0,0,0,0,0,0,0,0,0,0]}",
  "createdAt": {
    "$date": "2025-02-11T07:11:45.765Z"
  },
  "updatedAt": {
    "$date": "2025-02-11T07:11:45.765Z"
  },
  "__v": 0
},
{
  "_id": {
    "$oid": "67aaf83651f3d3661e6446d3"
  },
  "id": "telemetry",
  "control_topic": "building1/floor1/room101/device_A0:B7:65:22:3C:64/telemetry",
  "message": "{\"temperature\":25.25,\"battery\":9.40,\"humidity\":37.71,\"timestamp\":20036,\"channels\":[0,0,0,0,0,0,0,0,0,0,0,0,0,0,0,0]}",
  "createdAt": {
    "$date": "2025-02-11T07:11:50.839Z"
  },
  "updatedAt": {
    "$date": "2025-02-11T07:11:50.839Z"
  },
  "__v": 0
},
{
  "_id": {
    "$oid": "67aaf83b51f3d3661e6446d5"
  },
  "id": "telemetry",
  "control_topic": "building1/floor1/room101/device_A0:B7:65:22:3C:64/telemetry",
  "message": "{\"temperature\":29.00,\"battery\":3.80,\"humidity\":41.65,\"timestamp\":25048,\"channels\":[0,0,0,0,0,0,0,0,0,0,0,0,0,0,0,0]}",
  "createdAt": {
    "$date": "2025-02-11T07:11:55.712Z"
  },
  "updatedAt": {
    "$date": "2025-02-11T07:11:55.712Z"
  },
  "__v": 0
},
{
  "_id": {
    "$oid": "67aaf84051f3d3661e6446d7"
  },
  "id": "telemetry",
  "control_topic": "building1/floor1/room101/device_A0:B7:65:22:3C:64/telemetry",
  "message": "{\"temperature\":20.85,\"battery\":3.30,\"humidity\":68.11,\"timestamp\":30060,\"channels\":[0,0,0,0,0,0,0,0,0,0,0,0,0,0,0,0]}",
  "createdAt": {
    "$date": "2025-02-11T07:12:00.754Z"
  },
  "updatedAt": {
    "$date": "2025-02-11T07:12:00.754Z"
  },
  "__v": 0
},
{
  "_id": {
    "$oid": "67aaf84551f3d3661e6446d9"
  },
  "id": "telemetry",
  "control_topic": "building1/floor1/room101/device_A0:B7:65:22:3C:64/telemetry",
  "message": "{\"temperature\":22.88,\"battery\":7.60,\"humidity\":40.33,\"timestamp\":35072,\"channels\":[0,0,0,0,0,0,0,0,0,0,0,0,0,0,0,0]}",
  "createdAt": {
    "$date": "2025-02-11T07:12:05.779Z"
  },
  "updatedAt": {
    "$date": "2025-02-11T07:12:05.779Z"
  },
  "__v": 0
},
{
  "_id": {
    "$oid": "67aaf84a51f3d3661e6446db"
  },
  "id": "telemetry",
  "control_topic": "building1/floor1/room101/device_A0:B7:65:22:3C:64/telemetry",
  "message": "{\"temperature\":20.68,\"battery\":5.10,\"humidity\":36.20,\"timestamp\":40084,\"channels\":[0,0,0,0,0,0,0,0,0,0,0,0,0,0,0,0]}",
  "createdAt": {
    "$date": "2025-02-11T07:12:10.749Z"
  },
  "updatedAt": {
    "$date": "2025-02-11T07:12:10.749Z"
  },
  "__v": 0
},
{
  "_id": {
    "$oid": "67aaf84f51f3d3661e6446dd"
  },
  "id": "telemetry",
  "control_topic": "building1/floor1/room101/device_A0:B7:65:22:3C:64/telemetry",
  "message": "{\"temperature\":28.27,\"battery\":9.20,\"humidity\":38.64,\"timestamp\":45096,\"channels\":[0,0,0,0,0,0,0,0,0,0,0,0,0,0,0,0]}",
  "createdAt": {
    "$date": "2025-02-11T07:12:15.873Z"
  },
  "updatedAt": {
    "$date": "2025-02-11T07:12:15.873Z"
  },
  "__v": 0
},
{
  "_id": {
    "$oid": "67aaf8678d2880352d9c6710"
  },
  "id": "device_A0:B7:65:22:3C:64",
  "control_topic": "building1/floor1/room101/device_A0:B7:65:22:3C:64/telemetry",
  "message": "{\"temperature\":25.24,\"battery\":9.80,\"humidity\":31.22,\"timestamp\":5000,\"channels\":[0,0,0,0,0,0,0,0,0,0,0,0,0,0,0,0]}",
  "createdAt": {
    "$date": "2025-02-11T07:12:39.594Z"
  },
  "updatedAt": {
    "$date": "2025-02-11T07:12:39.594Z"
  },
  "__v": 0
},
{
  "_id": {
    "$oid": "67aaf86c8d2880352d9c6712"
  },
  "id": "device_A0:B7:65:22:3C:64",
  "control_topic": "building1/floor1/room101/device_A0:B7:65:22:3C:64/telemetry",
  "message": "{\"temperature\":20.93,\"battery\":3.10,\"humidity\":30.78,\"timestamp\":10012,\"channels\":[0,0,0,0,0,0,0,0,0,0,0,0,0,0,0,0]}",
  "createdAt": {
    "$date": "2025-02-11T07:12:44.547Z"
  },
  "updatedAt": {
    "$date": "2025-02-11T07:12:44.547Z"
  },
  "__v": 0
},
{
  "_id": {
    "$oid": "67aaf8718d2880352d9c6714"
  },
  "id": "device_A0:B7:65:22:3C:64",
  "control_topic": "building1/floor1/room101/device_A0:B7:65:22:3C:64/telemetry",
  "message": "{\"temperature\":29.79,\"battery\":5.10,\"humidity\":38.37,\"timestamp\":15024,\"channels\":[0,0,0,0,0,0,0,0,0,0,0,0,0,0,0,0]}",
  "createdAt": {
    "$date": "2025-02-11T07:12:49.749Z"
  },
  "updatedAt": {
    "$date": "2025-02-11T07:12:49.749Z"
  },
  "__v": 0
},
{
  "_id": {
    "$oid": "67aaf8768d2880352d9c6716"
  },
  "id": "device_A0:B7:65:22:3C:64",
  "control_topic": "building1/floor1/room101/device_A0:B7:65:22:3C:64/telemetry",
  "message": "{\"temperature\":21.36,\"battery\":4.30,\"humidity\":66.46,\"timestamp\":20036,\"channels\":[0,0,0,0,0,0,0,0,0,0,0,0,0,0,0,0]}",
  "createdAt": {
    "$date": "2025-02-11T07:12:54.789Z"
  },
  "updatedAt": {
    "$date": "2025-02-11T07:12:54.789Z"
  },
  "__v": 0
},
{
  "_id": {
    "$oid": "67aaf87b8d2880352d9c6718"
  },
  "id": "device_A0:B7:65:22:3C:64",
  "control_topic": "building1/floor1/room101/device_A0:B7:65:22:3C:64/telemetry",
  "message": "{\"temperature\":20.99,\"battery\":7.00,\"humidity\":38.55,\"timestamp\":25048,\"channels\":[0,0,0,0,0,0,0,0,0,0,0,0,0,0,0,0]}",
  "createdAt": {
    "$date": "2025-02-11T07:12:59.616Z"
  },
  "updatedAt": {
    "$date": "2025-02-11T07:12:59.616Z"
  },
  "__v": 0
},
{
  "_id": {
    "$oid": "67aaf8808d2880352d9c671a"
  },
  "id": "device_A0:B7:65:22:3C:64",
  "control_topic": "building1/floor1/room101/device_A0:B7:65:22:3C:64/telemetry",
  "message": "{\"temperature\":25.32,\"battery\":9.20,\"humidity\":32.41,\"timestamp\":30060,\"channels\":[0,0,0,0,0,0,0,0,0,0,0,0,0,0,0,0]}",
  "createdAt": {
    "$date": "2025-02-11T07:13:04.594Z"
  },
  "updatedAt": {
    "$date": "2025-02-11T07:13:04.594Z"
  },
  "__v": 0
},
{
  "_id": {
    "$oid": "67aaf8858d2880352d9c671c"
  },
  "id": "device_A0:B7:65:22:3C:64",
  "control_topic": "building1/floor1/room101/device_A0:B7:65:22:3C:64/telemetry",
  "message": "{\"temperature\":20.08,\"battery\":7.80,\"humidity\":54.21,\"timestamp\":35072,\"channels\":[0,0,0,0,0,0,0,0,0,0,0,0,0,0,0,0]}",
  "createdAt": {
    "$date": "2025-02-11T07:13:09.608Z"
  },
  "updatedAt": {
    "$date": "2025-02-11T07:13:09.608Z"
  },
  "__v": 0
},
{
  "_id": {
    "$oid": "67aaf88a8d2880352d9c671e"
  },
  "id": "device_A0:B7:65:22:3C:64",
  "control_topic": "building1/floor1/room101/device_A0:B7:65:22:3C:64/telemetry",
  "message": "{\"temperature\":29.89,\"battery\":5.90,\"humidity\":35.36,\"timestamp\":40084,\"channels\":[0,0,0,0,0,0,0,0,0,0,0,0,0,0,0,0]}",
  "createdAt": {
    "$date": "2025-02-11T07:13:14.703Z"
  },
  "updatedAt": {
    "$date": "2025-02-11T07:13:14.703Z"
  },
  "__v": 0
},
{
  "_id": {
    "$oid": "67aaf88f8d2880352d9c6720"
  },
  "id": "device_A0:B7:65:22:3C:64",
  "control_topic": "building1/floor1/room101/device_A0:B7:65:22:3C:64/telemetry",
  "message": "{\"temperature\":20.73,\"battery\":3.60,\"humidity\":54.70,\"timestamp\":45096,\"channels\":[0,0,0,0,0,0,0,0,0,0,0,0,0,0,0,0]}",
  "createdAt": {
    "$date": "2025-02-11T07:13:19.632Z"
  },
  "updatedAt": {
    "$date": "2025-02-11T07:13:19.632Z"
  },
  "__v": 0
},
{
  "_id": {
    "$oid": "67aaf8948d2880352d9c6722"
  },
  "id": "device_A0:B7:65:22:3C:64",
  "control_topic": "building1/floor1/room101/device_A0:B7:65:22:3C:64/telemetry",
  "message": "{\"temperature\":25.58,\"battery\":8.90,\"humidity\":37.51,\"timestamp\":50108,\"channels\":[0,0,0,0,0,0,0,0,0,0,0,0,0,0,0,0]}",
  "createdAt": {
    "$date": "2025-02-11T07:13:24.659Z"
  },
  "updatedAt": {
    "$date": "2025-02-11T07:13:24.659Z"
  },
  "__v": 0
},
{
  "_id": {
    "$oid": "67aaf8998d2880352d9c6724"
  },
  "id": "device_A0:B7:65:22:3C:64",
  "control_topic": "building1/floor1/room101/device_A0:B7:65:22:3C:64/telemetry",
  "message": "{\"temperature\":21.09,\"battery\":9.70,\"humidity\":48.87,\"timestamp\":55120,\"channels\":[0,0,0,0,0,0,0,0,0,0,0,0,0,0,0,0]}",
  "createdAt": {
    "$date": "2025-02-11T07:13:29.674Z"
  },
  "updatedAt": {
    "$date": "2025-02-11T07:13:29.674Z"
  },
  "__v": 0
},
{
  "_id": {
    "$oid": "67aaf89e8d2880352d9c6726"
  },
  "id": "device_A0:B7:65:22:3C:64",
  "control_topic": "building1/floor1/room101/device_A0:B7:65:22:3C:64/telemetry",
  "message": "{\"temperature\":26.25,\"battery\":8.30,\"humidity\":31.80,\"timestamp\":60132,\"channels\":[0,0,0,0,0,0,0,0,0,0,0,0,0,0,0,0]}",
  "createdAt": {
    "$date": "2025-02-11T07:13:34.943Z"
  },
  "updatedAt": {
    "$date": "2025-02-11T07:13:34.943Z"
  },
  "__v": 0
},
{
  "_id": {
    "$oid": "67aaf8a38d2880352d9c6728"
  },
  "id": "device_A0:B7:65:22:3C:64",
  "control_topic": "building1/floor1/room101/device_A0:B7:65:22:3C:64/telemetry",
  "message": "{\"temperature\":27.05,\"battery\":7.10,\"humidity\":47.87,\"timestamp\":65144,\"channels\":[0,0,0,0,0,0,0,0,0,0,0,0,0,0,0,0]}",
  "createdAt": {
    "$date": "2025-02-11T07:13:39.709Z"
  },
  "updatedAt": {
    "$date": "2025-02-11T07:13:39.709Z"
  },
  "__v": 0
},
{
  "_id": {
    "$oid": "67aaf8a88d2880352d9c672a"
  },
  "id": "device_A0:B7:65:22:3C:64",
  "control_topic": "building1/floor1/room101/device_A0:B7:65:22:3C:64/telemetry",
  "message": "{\"temperature\":22.23,\"battery\":3.80,\"humidity\":51.94,\"timestamp\":70156,\"channels\":[0,0,0,0,0,0,0,0,0,0,0,0,0,0,0,0]}",
  "createdAt": {
    "$date": "2025-02-11T07:13:44.730Z"
  },
  "updatedAt": {
    "$date": "2025-02-11T07:13:44.730Z"
  },
  "__v": 0
},
{
  "_id": {
    "$oid": "67aaf8ad8d2880352d9c672c"
  },
  "id": "device_A0:B7:65:22:3C:64",
  "control_topic": "building1/floor1/room101/device_A0:B7:65:22:3C:64/telemetry",
  "message": "{\"temperature\":28.87,\"battery\":9.20,\"humidity\":57.80,\"timestamp\":75168,\"channels\":[0,0,0,0,0,0,0,0,0,0,0,0,0,0,0,0]}",
  "createdAt": {
    "$date": "2025-02-11T07:13:49.953Z"
  },
  "updatedAt": {
    "$date": "2025-02-11T07:13:49.953Z"
  },
  "__v": 0
},
{
  "_id": {
    "$oid": "67aaf8b28d2880352d9c672e"
  },
  "id": "device_A0:B7:65:22:3C:64",
  "control_topic": "building1/floor1/room101/device_A0:B7:65:22:3C:64/telemetry",
  "message": "{\"temperature\":28.61,\"battery\":3.60,\"humidity\":48.71,\"timestamp\":80180,\"channels\":[0,0,0,0,0,0,0,0,0,0,0,0,0,0,0,0]}",
  "createdAt": {
    "$date": "2025-02-11T07:13:54.764Z"
  },
  "updatedAt": {
    "$date": "2025-02-11T07:13:54.764Z"
  },
  "__v": 0
},
{
  "_id": {
    "$oid": "67aaf8b78d2880352d9c6730"
  },
  "id": "device_A0:B7:65:22:3C:64",
  "control_topic": "building1/floor1/room101/device_A0:B7:65:22:3C:64/telemetry",
  "message": "{\"temperature\":26.94,\"battery\":6.50,\"humidity\":32.80,\"timestamp\":85192,\"channels\":[0,0,0,0,0,0,0,0,0,0,0,0,0,0,0,0]}",
  "createdAt": {
    "$date": "2025-02-11T07:13:59.727Z"
  },
  "updatedAt": {
    "$date": "2025-02-11T07:13:59.727Z"
  },
  "__v": 0
},
{
  "_id": {
    "$oid": "67aaf8bc8d2880352d9c6732"
  },
  "id": "device_A0:B7:65:22:3C:64",
  "control_topic": "building1/floor1/room101/device_A0:B7:65:22:3C:64/telemetry",
  "message": "{\"temperature\":25.00,\"battery\":5.00,\"humidity\":40.10,\"timestamp\":90204,\"channels\":[0,0,0,0,0,0,0,0,0,0,0,0,0,0,0,0]}",
  "createdAt": {
    "$date": "2025-02-11T07:14:04.815Z"
  },
  "updatedAt": {
    "$date": "2025-02-11T07:14:04.815Z"
  },
  "__v": 0
},
{
  "_id": {
    "$oid": "67aaf8c18d2880352d9c6734"
  },
  "id": "device_A0:B7:65:22:3C:64",
  "control_topic": "building1/floor1/room101/device_A0:B7:65:22:3C:64/telemetry",
  "message": "{\"temperature\":25.11,\"battery\":5.20,\"humidity\":38.69,\"timestamp\":95216,\"channels\":[0,0,0,0,0,0,0,0,0,0,0,0,0,0,0,0]}",
  "createdAt": {
    "$date": "2025-02-11T07:14:09.753Z"
  },
  "updatedAt": {
    "$date": "2025-02-11T07:14:09.753Z"
  },
  "__v": 0
},
{
  "_id": {
    "$oid": "67aaf8c68d2880352d9c6736"
  },
  "id": "device_A0:B7:65:22:3C:64",
  "control_topic": "building1/floor1/room101/device_A0:B7:65:22:3C:64/telemetry",
  "message": "{\"temperature\":28.77,\"battery\":4.20,\"humidity\":49.60,\"timestamp\":100228,\"channels\":[0,0,0,0,0,0,0,0,0,0,0,0,0,0,0,0]}",
  "createdAt": {
    "$date": "2025-02-11T07:14:14.778Z"
  },
  "updatedAt": {
    "$date": "2025-02-11T07:14:14.778Z"
  },
  "__v": 0
},
{
  "_id": {
    "$oid": "67b32b51d1b93cba5ddd5c8f"
  },
  "id": "device_C0:49:EF:D0:48:2C",
  "control_topic": "device_C0:49:EF:D0:48:2C/telemetry",
  "message": "{\"temperature\":24.30,\"battery\":4.30,\"humidity\":38.31,\"timestamp\":5000}",
  "createdAt": {
    "$date": "2025-02-17T12:28:01.462Z"
  },
  "updatedAt": {
    "$date": "2025-02-17T12:28:01.462Z"
  },
  "__v": 0
},
{
  "_id": {
    "$oid": "67b32b56d1b93cba5ddd5c91"
  },
  "id": "device_C0:49:EF:D0:48:2C",
  "control_topic": "device_C0:49:EF:D0:48:2C/telemetry",
  "message": "{\"temperature\":23.28,\"battery\":4.50,\"humidity\":55.62,\"timestamp\":10012}",
  "createdAt": {
    "$date": "2025-02-17T12:28:06.464Z"
  },
  "updatedAt": {
    "$date": "2025-02-17T12:28:06.464Z"
  },
  "__v": 0
},
{
  "_id": {
    "$oid": "67b32b5bd1b93cba5ddd5c93"
  },
  "id": "device_C0:49:EF:D0:48:2C",
  "control_topic": "device_C0:49:EF:D0:48:2C/telemetry",
  "message": "{\"temperature\":25.65,\"battery\":7.40,\"humidity\":37.49,\"timestamp\":15023}",
  "createdAt": {
    "$date": "2025-02-17T12:28:11.472Z"
  },
  "updatedAt": {
    "$date": "2025-02-17T12:28:11.472Z"
  },
  "__v": 0
},
{
  "_id": {
    "$oid": "67b32b60d1b93cba5ddd5c95"
  },
  "id": "device_C0:49:EF:D0:48:2C",
  "control_topic": "device_C0:49:EF:D0:48:2C/telemetry",
  "message": "{\"temperature\":21.06,\"battery\":6.30,\"humidity\":48.97,\"timestamp\":20035}",
  "createdAt": {
    "$date": "2025-02-17T12:28:16.486Z"
  },
  "updatedAt": {
    "$date": "2025-02-17T12:28:16.486Z"
  },
  "__v": 0
},
{
  "_id": {
    "$oid": "67b32b7ee8d2600e3a7df148"
  },
  "id": "device_C0:49:EF:D0:48:2C",
  "control_topic": "device_C0:49:EF:D0:48:2C/telemetry",
  "message": "{\"temperature\":29.46,\"battery\":7.00,\"humidity\":50.28,\"timestamp\":5000}",
  "createdAt": {
    "$date": "2025-02-17T12:28:46.193Z"
  },
  "updatedAt": {
    "$date": "2025-02-17T12:28:46.193Z"
  },
  "__v": 0
},
{
  "_id": {
    "$oid": "67b32b82e8d2600e3a7df14a"
  },
  "id": "device_C0:49:EF:D0:48:2C",
  "control_topic": "device_C0:49:EF:D0:48:2C/telemetry",
  "message": "{\"temperature\":28.99,\"battery\":3.00,\"humidity\":38.31,\"timestamp\":10012}",
  "createdAt": {
    "$date": "2025-02-17T12:28:50.523Z"
  },
  "updatedAt": {
    "$date": "2025-02-17T12:28:50.523Z"
  },
  "__v": 0
},
{
  "_id": {
    "$oid": "67b32b88e8d2600e3a7df14c"
  },
  "id": "device_C0:49:EF:D0:48:2C",
  "control_topic": "device_C0:49:EF:D0:48:2C/telemetry",
  "message": "{\"temperature\":24.89,\"battery\":9.60,\"humidity\":68.44,\"timestamp\":15023}",
  "createdAt": {
    "$date": "2025-02-17T12:28:56.138Z"
  },
  "updatedAt": {
    "$date": "2025-02-17T12:28:56.138Z"
  },
  "__v": 0
},
{
  "_id": {
    "$oid": "67b32b8ce8d2600e3a7df14e"
  },
  "id": "device_C0:49:EF:D0:48:2C",
  "control_topic": "device_C0:49:EF:D0:48:2C/telemetry",
  "message": "{\"temperature\":29.88,\"battery\":6.50,\"humidity\":64.24,\"timestamp\":20035}",
  "createdAt": {
    "$date": "2025-02-17T12:29:00.536Z"
  },
  "updatedAt": {
    "$date": "2025-02-17T12:29:00.536Z"
  },
  "__v": 0
},
{
  "_id": {
    "$oid": "67b32b92e8d2600e3a7df150"
  },
  "id": "device_C0:49:EF:D0:48:2C",
  "control_topic": "device_C0:49:EF:D0:48:2C/telemetry",
  "message": "{\"temperature\":26.81,\"battery\":4.80,\"humidity\":44.85,\"timestamp\":25046}",
  "createdAt": {
    "$date": "2025-02-17T12:29:06.087Z"
  },
  "updatedAt": {
    "$date": "2025-02-17T12:29:06.087Z"
  },
  "__v": 0
},
{
  "_id": {
    "$oid": "67b32b96e8d2600e3a7df152"
  },
  "id": "device_C0:49:EF:D0:48:2C",
  "control_topic": "device_C0:49:EF:D0:48:2C/telemetry",
  "message": "{\"temperature\":24.08,\"battery\":5.90,\"humidity\":61.42,\"timestamp\":30058}",
  "createdAt": {
    "$date": "2025-02-17T12:29:10.562Z"
  },
  "updatedAt": {
    "$date": "2025-02-17T12:29:10.562Z"
  },
  "__v": 0
},
{
  "_id": {
    "$oid": "67b32b9ce8d2600e3a7df154"
  },
  "id": "device_C0:49:EF:D0:48:2C",
  "control_topic": "device_C0:49:EF:D0:48:2C/telemetry",
  "message": "{\"temperature\":26.34,\"battery\":3.40,\"humidity\":39.74,\"timestamp\":35069}",
  "createdAt": {
    "$date": "2025-02-17T12:29:16.171Z"
  },
  "updatedAt": {
    "$date": "2025-02-17T12:29:16.171Z"
  },
  "__v": 0
},
{
  "_id": {
    "$oid": "67b32ba0e8d2600e3a7df156"
  },
  "id": "device_C0:49:EF:D0:48:2C",
  "control_topic": "device_C0:49:EF:D0:48:2C/telemetry",
  "message": "{\"temperature\":21.65,\"battery\":6.30,\"humidity\":44.06,\"timestamp\":40081}",
  "createdAt": {
    "$date": "2025-02-17T12:29:20.585Z"
  },
  "updatedAt": {
    "$date": "2025-02-17T12:29:20.585Z"
  },
  "__v": 0
},
{
  "_id": {
    "$oid": "67b32ba6e8d2600e3a7df158"
  },
  "id": "device_C0:49:EF:D0:48:2C",
  "control_topic": "device_C0:49:EF:D0:48:2C/telemetry",
  "message": "{\"temperature\":22.66,\"battery\":4.00,\"humidity\":68.71,\"timestamp\":45092}",
  "createdAt": {
    "$date": "2025-02-17T12:29:26.198Z"
  },
  "updatedAt": {
    "$date": "2025-02-17T12:29:26.198Z"
  },
  "__v": 0
},
{
  "_id": {
    "$oid": "67b32baae8d2600e3a7df15a"
  },
  "id": "device_C0:49:EF:D0:48:2C",
  "control_topic": "device_C0:49:EF:D0:48:2C/telemetry",
  "message": "{\"temperature\":24.47,\"battery\":5.40,\"humidity\":67.82,\"timestamp\":50104}",
  "createdAt": {
    "$date": "2025-02-17T12:29:30.611Z"
  },
  "updatedAt": {
    "$date": "2025-02-17T12:29:30.611Z"
  },
  "__v": 0
},
{
  "_id": {
    "$oid": "67b32bb0e8d2600e3a7df15c"
  },
  "id": "device_C0:49:EF:D0:48:2C",
  "control_topic": "device_C0:49:EF:D0:48:2C/telemetry",
  "message": "{\"temperature\":28.95,\"battery\":7.70,\"humidity\":58.25,\"timestamp\":55115}",
  "createdAt": {
    "$date": "2025-02-17T12:29:36.219Z"
  },
  "updatedAt": {
    "$date": "2025-02-17T12:29:36.219Z"
  },
  "__v": 0
},
{
  "_id": {
    "$oid": "67b32bb4e8d2600e3a7df15e"
  },
  "id": "device_C0:49:EF:D0:48:2C",
  "control_topic": "device_C0:49:EF:D0:48:2C/telemetry",
  "message": "{\"temperature\":24.36,\"battery\":9.80,\"humidity\":68.04,\"timestamp\":60127}",
  "createdAt": {
    "$date": "2025-02-17T12:29:40.629Z"
  },
  "updatedAt": {
    "$date": "2025-02-17T12:29:40.629Z"
  },
  "__v": 0
},
{
  "_id": {
    "$oid": "67b32bbae8d2600e3a7df160"
  },
  "id": "device_C0:49:EF:D0:48:2C",
  "control_topic": "device_C0:49:EF:D0:48:2C/telemetry",
  "message": "{\"temperature\":26.27,\"battery\":7.80,\"humidity\":41.95,\"timestamp\":65139}",
  "createdAt": {
    "$date": "2025-02-17T12:29:46.235Z"
  },
  "updatedAt": {
    "$date": "2025-02-17T12:29:46.235Z"
  },
  "__v": 0
},
{
  "_id": {
    "$oid": "67b32bbee8d2600e3a7df162"
  },
  "id": "device_C0:49:EF:D0:48:2C",
  "control_topic": "device_C0:49:EF:D0:48:2C/telemetry",
  "message": "{\"temperature\":21.86,\"battery\":8.00,\"humidity\":55.82,\"timestamp\":70151}",
  "createdAt": {
    "$date": "2025-02-17T12:29:50.655Z"
  },
  "updatedAt": {
    "$date": "2025-02-17T12:29:50.655Z"
  },
  "__v": 0
},
{
  "_id": {
    "$oid": "67b32bc4e8d2600e3a7df164"
  },
  "id": "device_C0:49:EF:D0:48:2C",
  "control_topic": "device_C0:49:EF:D0:48:2C/telemetry",
  "message": "{\"temperature\":28.22,\"battery\":5.30,\"humidity\":56.73,\"timestamp\":75163}",
  "createdAt": {
    "$date": "2025-02-17T12:29:56.283Z"
  },
  "updatedAt": {
    "$date": "2025-02-17T12:29:56.283Z"
  },
  "__v": 0
},
{
  "_id": {
    "$oid": "67b32bc8e8d2600e3a7df166"
  },
  "id": "device_C0:49:EF:D0:48:2C",
  "control_topic": "device_C0:49:EF:D0:48:2C/telemetry",
  "message": "{\"temperature\":21.64,\"battery\":3.50,\"humidity\":68.18,\"timestamp\":80175}",
  "createdAt": {
    "$date": "2025-02-17T12:30:00.682Z"
  },
  "updatedAt": {
    "$date": "2025-02-17T12:30:00.682Z"
  },
  "__v": 0
},
{
  "_id": {
    "$oid": "67b32bcee8d2600e3a7df168"
  },
  "id": "device_C0:49:EF:D0:48:2C",
  "control_topic": "device_C0:49:EF:D0:48:2C/telemetry",
  "message": "{\"temperature\":20.39,\"battery\":7.60,\"humidity\":37.36,\"timestamp\":85187}",
  "createdAt": {
    "$date": "2025-02-17T12:30:06.240Z"
  },
  "updatedAt": {
    "$date": "2025-02-17T12:30:06.240Z"
  },
  "__v": 0
},
{
  "_id": {
    "$oid": "67b32bd2e8d2600e3a7df16a"
  },
  "id": "device_C0:49:EF:D0:48:2C",
  "control_topic": "device_C0:49:EF:D0:48:2C/telemetry",
  "message": "{\"temperature\":28.81,\"battery\":8.00,\"humidity\":68.22,\"timestamp\":90199}",
  "createdAt": {
    "$date": "2025-02-17T12:30:10.699Z"
  },
  "updatedAt": {
    "$date": "2025-02-17T12:30:10.699Z"
  },
  "__v": 0
},
{
  "_id": {
    "$oid": "67b32bd8e8d2600e3a7df16c"
  },
  "id": "device_C0:49:EF:D0:48:2C",
  "control_topic": "device_C0:49:EF:D0:48:2C/telemetry",
  "message": "{\"temperature\":24.95,\"battery\":7.60,\"humidity\":55.56,\"timestamp\":95211}",
  "createdAt": {
    "$date": "2025-02-17T12:30:16.248Z"
  },
  "updatedAt": {
    "$date": "2025-02-17T12:30:16.248Z"
  },
  "__v": 0
},
{
  "_id": {
    "$oid": "67b32bdce8d2600e3a7df16e"
  },
  "id": "device_C0:49:EF:D0:48:2C",
  "control_topic": "device_C0:49:EF:D0:48:2C/telemetry",
  "message": "{\"temperature\":22.34,\"battery\":9.20,\"humidity\":49.65,\"timestamp\":100222}",
  "createdAt": {
    "$date": "2025-02-17T12:30:20.719Z"
  },
  "updatedAt": {
    "$date": "2025-02-17T12:30:20.719Z"
  },
  "__v": 0
},
{
  "_id": {
    "$oid": "67b32be2e8d2600e3a7df170"
  },
  "id": "device_C0:49:EF:D0:48:2C",
  "control_topic": "device_C0:49:EF:D0:48:2C/telemetry",
  "message": "{\"temperature\":27.78,\"battery\":8.90,\"humidity\":47.20,\"timestamp\":105234}",
  "createdAt": {
    "$date": "2025-02-17T12:30:26.301Z"
  },
  "updatedAt": {
    "$date": "2025-02-17T12:30:26.301Z"
  },
  "__v": 0
},
{
  "_id": {
    "$oid": "67b32be6e8d2600e3a7df172"
  },
  "id": "device_C0:49:EF:D0:48:2C",
  "control_topic": "device_C0:49:EF:D0:48:2C/telemetry",
  "message": "{\"temperature\":24.79,\"battery\":9.30,\"humidity\":69.57,\"timestamp\":110246}",
  "createdAt": {
    "$date": "2025-02-17T12:30:30.748Z"
  },
  "updatedAt": {
    "$date": "2025-02-17T12:30:30.748Z"
  },
  "__v": 0
},
{
  "_id": {
    "$oid": "67b32bece8d2600e3a7df174"
  },
  "id": "device_C0:49:EF:D0:48:2C",
  "control_topic": "device_C0:49:EF:D0:48:2C/telemetry",
  "message": "{\"temperature\":20.00,\"battery\":7.10,\"humidity\":32.17,\"timestamp\":115258}",
  "createdAt": {
    "$date": "2025-02-17T12:30:36.259Z"
  },
  "updatedAt": {
    "$date": "2025-02-17T12:30:36.259Z"
  },
  "__v": 0
},
{
  "_id": {
    "$oid": "67b32bf0e8d2600e3a7df176"
  },
  "id": "device_C0:49:EF:D0:48:2C",
  "control_topic": "device_C0:49:EF:D0:48:2C/telemetry",
  "message": "{\"temperature\":29.35,\"battery\":3.20,\"humidity\":67.74,\"timestamp\":120270}",
  "createdAt": {
    "$date": "2025-02-17T12:30:40.772Z"
  },
  "updatedAt": {
    "$date": "2025-02-17T12:30:40.772Z"
  },
  "__v": 0
},
{
  "_id": {
    "$oid": "67b32bf6e8d2600e3a7df178"
  },
  "id": "device_C0:49:EF:D0:48:2C",
  "control_topic": "device_C0:49:EF:D0:48:2C/telemetry",
  "message": "{\"temperature\":24.07,\"battery\":9.30,\"humidity\":41.84,\"timestamp\":125282}",
  "createdAt": {
    "$date": "2025-02-17T12:30:46.213Z"
  },
  "updatedAt": {
    "$date": "2025-02-17T12:30:46.213Z"
  },
  "__v": 0
},
{
  "_id": {
    "$oid": "67b32bfae8d2600e3a7df17a"
  },
  "id": "device_C0:49:EF:D0:48:2C",
  "control_topic": "device_C0:49:EF:D0:48:2C/telemetry",
  "message": "{\"temperature\":27.12,\"battery\":6.20,\"humidity\":31.45,\"timestamp\":130293}",
  "createdAt": {
    "$date": "2025-02-17T12:30:50.809Z"
  },
  "updatedAt": {
    "$date": "2025-02-17T12:30:50.809Z"
  },
  "__v": 0
},
{
  "_id": {
    "$oid": "67b32c00e8d2600e3a7df17c"
  },
  "id": "device_C0:49:EF:D0:48:2C",
  "control_topic": "device_C0:49:EF:D0:48:2C/telemetry",
  "message": "{\"temperature\":20.73,\"battery\":5.70,\"humidity\":53.44,\"timestamp\":135305}",
  "createdAt": {
    "$date": "2025-02-17T12:30:56.291Z"
  },
  "updatedAt": {
    "$date": "2025-02-17T12:30:56.291Z"
  },
  "__v": 0
},
{
  "_id": {
    "$oid": "67b32c04e8d2600e3a7df17e"
  },
  "id": "device_C0:49:EF:D0:48:2C",
  "control_topic": "device_C0:49:EF:D0:48:2C/telemetry",
  "message": "{\"temperature\":25.69,\"battery\":5.70,\"humidity\":33.00,\"timestamp\":140316}",
  "createdAt": {
    "$date": "2025-02-17T12:31:00.822Z"
  },
  "updatedAt": {
    "$date": "2025-02-17T12:31:00.822Z"
  },
  "__v": 0
},
{
  "_id": {
    "$oid": "67b32c0ae8d2600e3a7df180"
  },
  "id": "device_C0:49:EF:D0:48:2C",
  "control_topic": "device_C0:49:EF:D0:48:2C/telemetry",
  "message": "{\"temperature\":26.22,\"battery\":6.70,\"humidity\":61.27,\"timestamp\":145328}",
  "createdAt": {
    "$date": "2025-02-17T12:31:06.352Z"
  },
  "updatedAt": {
    "$date": "2025-02-17T12:31:06.352Z"
  },
  "__v": 0
},
{
  "_id": {
    "$oid": "67b32c0ee8d2600e3a7df182"
  },
  "id": "device_C0:49:EF:D0:48:2C",
  "control_topic": "device_C0:49:EF:D0:48:2C/telemetry",
  "message": "{\"temperature\":28.19,\"battery\":7.80,\"humidity\":41.38,\"timestamp\":150339}",
  "createdAt": {
    "$date": "2025-02-17T12:31:10.841Z"
  },
  "updatedAt": {
    "$date": "2025-02-17T12:31:10.841Z"
  },
  "__v": 0
},
{
  "_id": {
    "$oid": "67b32c14e8d2600e3a7df184"
  },
  "id": "device_C0:49:EF:D0:48:2C",
  "control_topic": "device_C0:49:EF:D0:48:2C/telemetry",
  "message": "{\"temperature\":22.80,\"battery\":5.60,\"humidity\":57.17,\"timestamp\":155351}",
  "createdAt": {
    "$date": "2025-02-17T12:31:16.356Z"
  },
  "updatedAt": {
    "$date": "2025-02-17T12:31:16.356Z"
  },
  "__v": 0
},
{
  "_id": {
    "$oid": "67b32c18e8d2600e3a7df186"
  },
  "id": "device_C0:49:EF:D0:48:2C",
  "control_topic": "device_C0:49:EF:D0:48:2C/telemetry",
  "message": "{\"temperature\":21.00,\"battery\":8.50,\"humidity\":35.22,\"timestamp\":160363}",
  "createdAt": {
    "$date": "2025-02-17T12:31:20.864Z"
  },
  "updatedAt": {
    "$date": "2025-02-17T12:31:20.864Z"
  },
  "__v": 0
},
{
  "_id": {
    "$oid": "67b32c1ee8d2600e3a7df188"
  },
  "id": "device_C0:49:EF:D0:48:2C",
  "control_topic": "device_C0:49:EF:D0:48:2C/telemetry",
  "message": "{\"temperature\":24.20,\"battery\":3.50,\"humidity\":67.06,\"timestamp\":165375}",
  "createdAt": {
    "$date": "2025-02-17T12:31:26.413Z"
  },
  "updatedAt": {
    "$date": "2025-02-17T12:31:26.413Z"
  },
  "__v": 0
},
{
  "_id": {
    "$oid": "67b32c22e8d2600e3a7df18a"
  },
  "id": "device_C0:49:EF:D0:48:2C",
  "control_topic": "device_C0:49:EF:D0:48:2C/telemetry",
  "message": "{\"temperature\":28.34,\"battery\":4.40,\"humidity\":50.99,\"timestamp\":170387}",
  "createdAt": {
    "$date": "2025-02-17T12:31:30.895Z"
  },
  "updatedAt": {
    "$date": "2025-02-17T12:31:30.895Z"
  },
  "__v": 0
},
{
  "_id": {
    "$oid": "67b32c28e8d2600e3a7df18c"
  },
  "id": "device_C0:49:EF:D0:48:2C",
  "control_topic": "device_C0:49:EF:D0:48:2C/telemetry",
  "message": "{\"temperature\":22.04,\"battery\":9.50,\"humidity\":55.36,\"timestamp\":175399}",
  "createdAt": {
    "$date": "2025-02-17T12:31:36.482Z"
  },
  "updatedAt": {
    "$date": "2025-02-17T12:31:36.482Z"
  },
  "__v": 0
},
{
  "_id": {
    "$oid": "67b32c2ce8d2600e3a7df18e"
  },
  "id": "device_C0:49:EF:D0:48:2C",
  "control_topic": "device_C0:49:EF:D0:48:2C/telemetry",
  "message": "{\"temperature\":22.70,\"battery\":6.80,\"humidity\":36.78,\"timestamp\":180411}",
  "createdAt": {
    "$date": "2025-02-17T12:31:40.911Z"
  },
  "updatedAt": {
    "$date": "2025-02-17T12:31:40.911Z"
  },
  "__v": 0
},
{
  "_id": {
    "$oid": "67b32c32e8d2600e3a7df190"
  },
  "id": "device_C0:49:EF:D0:48:2C",
  "control_topic": "device_C0:49:EF:D0:48:2C/telemetry",
  "message": "{\"temperature\":22.45,\"battery\":3.00,\"humidity\":36.05,\"timestamp\":185423}",
  "createdAt": {
    "$date": "2025-02-17T12:31:46.466Z"
  },
  "updatedAt": {
    "$date": "2025-02-17T12:31:46.466Z"
  },
  "__v": 0
},
{
  "_id": {
    "$oid": "67b32c36e8d2600e3a7df192"
  },
  "id": "device_C0:49:EF:D0:48:2C",
  "control_topic": "device_C0:49:EF:D0:48:2C/telemetry",
  "message": "{\"temperature\":22.42,\"battery\":3.00,\"humidity\":38.31,\"timestamp\":190435}",
  "createdAt": {
    "$date": "2025-02-17T12:31:50.940Z"
  },
  "updatedAt": {
    "$date": "2025-02-17T12:31:50.940Z"
  },
  "__v": 0
},
{
  "_id": {
    "$oid": "67b32c3ce8d2600e3a7df194"
  },
  "id": "device_C0:49:EF:D0:48:2C",
  "control_topic": "device_C0:49:EF:D0:48:2C/telemetry",
  "message": "{\"temperature\":20.61,\"battery\":4.30,\"humidity\":33.30,\"timestamp\":195447}",
  "createdAt": {
    "$date": "2025-02-17T12:31:56.448Z"
  },
  "updatedAt": {
    "$date": "2025-02-17T12:31:56.448Z"
  },
  "__v": 0
},
{
  "_id": {
    "$oid": "67b32c40e8d2600e3a7df196"
  },
  "id": "device_C0:49:EF:D0:48:2C",
  "control_topic": "device_C0:49:EF:D0:48:2C/telemetry",
  "message": "{\"temperature\":23.23,\"battery\":4.90,\"humidity\":61.68,\"timestamp\":200459}",
  "createdAt": {
    "$date": "2025-02-17T12:32:00.959Z"
  },
  "updatedAt": {
    "$date": "2025-02-17T12:32:00.959Z"
  },
  "__v": 0
},
{
  "_id": {
    "$oid": "67b32c46e8d2600e3a7df198"
  },
  "id": "device_C0:49:EF:D0:48:2C",
  "control_topic": "device_C0:49:EF:D0:48:2C/telemetry",
  "message": "{\"temperature\":21.26,\"battery\":9.90,\"humidity\":37.42,\"timestamp\":205470}",
  "createdAt": {
    "$date": "2025-02-17T12:32:06.493Z"
  },
  "updatedAt": {
    "$date": "2025-02-17T12:32:06.493Z"
  },
  "__v": 0
},
{
  "_id": {
    "$oid": "67b32c4ae8d2600e3a7df19a"
  },
  "id": "device_C0:49:EF:D0:48:2C",
  "control_topic": "device_C0:49:EF:D0:48:2C/telemetry",
  "message": "{\"temperature\":27.67,\"battery\":6.70,\"humidity\":57.44,\"timestamp\":210482}",
  "createdAt": {
    "$date": "2025-02-17T12:32:10.984Z"
  },
  "updatedAt": {
    "$date": "2025-02-17T12:32:10.984Z"
  },
  "__v": 0
},
{
  "_id": {
    "$oid": "67b32c50e8d2600e3a7df19c"
  },
  "id": "device_C0:49:EF:D0:48:2C",
  "control_topic": "device_C0:49:EF:D0:48:2C/telemetry",
  "message": "{\"temperature\":21.15,\"battery\":7.50,\"humidity\":43.89,\"timestamp\":215494}",
  "createdAt": {
    "$date": "2025-02-17T12:32:16.421Z"
  },
  "updatedAt": {
    "$date": "2025-02-17T12:32:16.421Z"
  },
  "__v": 0
},
{
  "_id": {
    "$oid": "67b32c55e8d2600e3a7df19e"
  },
  "id": "device_C0:49:EF:D0:48:2C",
  "control_topic": "device_C0:49:EF:D0:48:2C/telemetry",
  "message": "{\"temperature\":20.43,\"battery\":5.50,\"humidity\":42.12,\"timestamp\":220506}",
  "createdAt": {
    "$date": "2025-02-17T12:32:21.012Z"
  },
  "updatedAt": {
    "$date": "2025-02-17T12:32:21.012Z"
  },
  "__v": 0
},
{
  "_id": {
    "$oid": "67b32cac2b9b3803cb0757ce"
  },
  "id": "device_C0:49:EF:D0:48:2C",
  "control_topic": "device_C0:49:EF:D0:48:2C/telemetry",
  "message": "{\"temperature\":20.69,\"battery\":9.00,\"humidity\":42.23,\"timestamp\":5000}",
  "createdAt": {
    "$date": "2025-02-17T12:33:48.972Z"
  },
  "updatedAt": {
    "$date": "2025-02-17T12:33:48.972Z"
  },
  "__v": 0
},
{
  "_id": {
    "$oid": "67b32cb12b9b3803cb0757d0"
  },
  "id": "device_C0:49:EF:D0:48:2C",
  "control_topic": "device_C0:49:EF:D0:48:2C/telemetry",
  "message": "{\"temperature\":22.95,\"battery\":7.30,\"humidity\":51.75,\"timestamp\":10012}",
  "createdAt": {
    "$date": "2025-02-17T12:33:53.975Z"
  },
  "updatedAt": {
    "$date": "2025-02-17T12:33:53.975Z"
  },
  "__v": 0
},
{
  "_id": {
    "$oid": "67b32cb62b9b3803cb0757d2"
  },
  "id": "device_C0:49:EF:D0:48:2C",
  "control_topic": "device_C0:49:EF:D0:48:2C/telemetry",
  "message": "{\"temperature\":25.03,\"battery\":3.60,\"humidity\":56.46,\"timestamp\":15024}",
  "createdAt": {
    "$date": "2025-02-17T12:33:58.986Z"
  },
  "updatedAt": {
    "$date": "2025-02-17T12:33:58.986Z"
  },
  "__v": 0
},
{
  "_id": {
    "$oid": "67b32cbb2b9b3803cb0757d4"
  },
  "id": "device_C0:49:EF:D0:48:2C",
  "control_topic": "device_C0:49:EF:D0:48:2C/telemetry",
  "message": "{\"temperature\":22.77,\"battery\":5.40,\"humidity\":67.11,\"timestamp\":20036}",
  "createdAt": {
    "$date": "2025-02-17T12:34:03.995Z"
  },
  "updatedAt": {
    "$date": "2025-02-17T12:34:03.995Z"
  },
  "__v": 0
},
{
  "_id": {
    "$oid": "67b32cc12b9b3803cb0757d6"
  },
  "id": "device_C0:49:EF:D0:48:2C",
  "control_topic": "device_C0:49:EF:D0:48:2C/telemetry",
  "message": "{\"temperature\":25.78,\"battery\":9.90,\"humidity\":63.17,\"timestamp\":25048}",
  "createdAt": {
    "$date": "2025-02-17T12:34:09.008Z"
  },
  "updatedAt": {
    "$date": "2025-02-17T12:34:09.008Z"
  },
  "__v": 0
},
{
  "_id": {
    "$oid": "67b32cc62b9b3803cb0757d8"
  },
  "id": "device_C0:49:EF:D0:48:2C",
  "control_topic": "device_C0:49:EF:D0:48:2C/telemetry",
  "message": "{\"temperature\":24.91,\"battery\":4.50,\"humidity\":48.98,\"timestamp\":30060}",
  "createdAt": {
    "$date": "2025-02-17T12:34:14.026Z"
  },
  "updatedAt": {
    "$date": "2025-02-17T12:34:14.026Z"
  },
  "__v": 0
},
{
  "_id": {
    "$oid": "67b32ccb2b9b3803cb0757da"
  },
  "id": "device_C0:49:EF:D0:48:2C",
  "control_topic": "device_C0:49:EF:D0:48:2C/telemetry",
  "message": "{\"temperature\":29.40,\"battery\":3.00,\"humidity\":31.69,\"timestamp\":35072}",
  "createdAt": {
    "$date": "2025-02-17T12:34:19.032Z"
  },
  "updatedAt": {
    "$date": "2025-02-17T12:34:19.032Z"
  },
  "__v": 0
},
{
  "_id": {
    "$oid": "67b32cd02b9b3803cb0757dc"
  },
  "id": "device_C0:49:EF:D0:48:2C",
  "control_topic": "device_C0:49:EF:D0:48:2C/telemetry",
  "message": "{\"temperature\":23.12,\"battery\":7.00,\"humidity\":31.40,\"timestamp\":40084}",
  "createdAt": {
    "$date": "2025-02-17T12:34:24.065Z"
  },
  "updatedAt": {
    "$date": "2025-02-17T12:34:24.065Z"
  },
  "__v": 0
},
{
  "_id": {
    "$oid": "67b32cd52b9b3803cb0757de"
  },
  "id": "device_C0:49:EF:D0:48:2C",
  "control_topic": "device_C0:49:EF:D0:48:2C/telemetry",
  "message": "{\"temperature\":28.13,\"battery\":5.10,\"humidity\":65.17,\"timestamp\":45096}",
  "createdAt": {
    "$date": "2025-02-17T12:34:29.056Z"
  },
  "updatedAt": {
    "$date": "2025-02-17T12:34:29.056Z"
  },
  "__v": 0
},
{
  "_id": {
    "$oid": "67b32cda2b9b3803cb0757e0"
  },
  "id": "device_C0:49:EF:D0:48:2C",
  "control_topic": "device_C0:49:EF:D0:48:2C/telemetry",
  "message": "{\"temperature\":22.75,\"battery\":8.60,\"humidity\":59.26,\"timestamp\":50108}",
  "createdAt": {
    "$date": "2025-02-17T12:34:34.082Z"
  },
  "updatedAt": {
    "$date": "2025-02-17T12:34:34.082Z"
  },
  "__v": 0
},
{
  "_id": {
    "$oid": "67b32cdf2b9b3803cb0757e2"
  },
  "id": "device_C0:49:EF:D0:48:2C",
  "control_topic": "device_C0:49:EF:D0:48:2C/telemetry",
  "message": "{\"temperature\":21.39,\"battery\":7.20,\"humidity\":55.83,\"timestamp\":55120}",
  "createdAt": {
    "$date": "2025-02-17T12:34:39.080Z"
  },
  "updatedAt": {
    "$date": "2025-02-17T12:34:39.080Z"
  },
  "__v": 0
},
{
  "_id": {
    "$oid": "67b32ce42b9b3803cb0757e4"
  },
  "id": "device_C0:49:EF:D0:48:2C",
  "control_topic": "device_C0:49:EF:D0:48:2C/telemetry",
  "message": "{\"temperature\":26.15,\"battery\":5.40,\"humidity\":54.25,\"timestamp\":60132}",
  "createdAt": {
    "$date": "2025-02-17T12:34:44.091Z"
  },
  "updatedAt": {
    "$date": "2025-02-17T12:34:44.091Z"
  },
  "__v": 0
},
{
  "_id": {
    "$oid": "67b32ce92b9b3803cb0757e6"
  },
  "id": "device_C0:49:EF:D0:48:2C",
  "control_topic": "device_C0:49:EF:D0:48:2C/telemetry",
  "message": "{\"temperature\":22.25,\"battery\":9.30,\"humidity\":43.14,\"timestamp\":65144}",
  "createdAt": {
    "$date": "2025-02-17T12:34:49.101Z"
  },
  "updatedAt": {
    "$date": "2025-02-17T12:34:49.101Z"
  },
  "__v": 0
},
{
  "_id": {
    "$oid": "67b32cee2b9b3803cb0757e8"
  },
  "id": "device_C0:49:EF:D0:48:2C",
  "control_topic": "device_C0:49:EF:D0:48:2C/telemetry",
  "message": "{\"temperature\":26.20,\"battery\":8.70,\"humidity\":67.15,\"timestamp\":70155}",
  "createdAt": {
    "$date": "2025-02-17T12:34:54.115Z"
  },
  "updatedAt": {
    "$date": "2025-02-17T12:34:54.115Z"
  },
  "__v": 0
},
{
  "_id": {
    "$oid": "67b32cf32b9b3803cb0757ea"
  },
  "id": "device_C0:49:EF:D0:48:2C",
  "control_topic": "device_C0:49:EF:D0:48:2C/telemetry",
  "message": "{\"temperature\":20.89,\"battery\":6.00,\"humidity\":49.65,\"timestamp\":75167}",
  "createdAt": {
    "$date": "2025-02-17T12:34:59.126Z"
  },
  "updatedAt": {
    "$date": "2025-02-17T12:34:59.126Z"
  },
  "__v": 0
},
{
  "_id": {
    "$oid": "67b32cf82b9b3803cb0757ec"
  },
  "id": "device_C0:49:EF:D0:48:2C",
  "control_topic": "device_C0:49:EF:D0:48:2C/telemetry",
  "message": "{\"temperature\":21.36,\"battery\":5.10,\"humidity\":51.42,\"timestamp\":80178}",
  "createdAt": {
    "$date": "2025-02-17T12:35:04.140Z"
  },
  "updatedAt": {
    "$date": "2025-02-17T12:35:04.140Z"
  },
  "__v": 0
},
{
  "_id": {
    "$oid": "67b32cfd2b9b3803cb0757ee"
  },
  "id": "device_C0:49:EF:D0:48:2C",
  "control_topic": "device_C0:49:EF:D0:48:2C/telemetry",
  "message": "{\"temperature\":25.51,\"battery\":5.70,\"humidity\":41.28,\"timestamp\":85190}",
  "createdAt": {
    "$date": "2025-02-17T12:35:09.147Z"
  },
  "updatedAt": {
    "$date": "2025-02-17T12:35:09.147Z"
  },
  "__v": 0
},
{
  "_id": {
    "$oid": "67b32d022b9b3803cb0757f0"
  },
  "id": "device_C0:49:EF:D0:48:2C",
  "control_topic": "device_C0:49:EF:D0:48:2C/telemetry",
  "message": "{\"temperature\":22.92,\"battery\":7.20,\"humidity\":48.51,\"timestamp\":90202}",
  "createdAt": {
    "$date": "2025-02-17T12:35:14.209Z"
  },
  "updatedAt": {
    "$date": "2025-02-17T12:35:14.209Z"
  },
  "__v": 0
},
{
  "_id": {
    "$oid": "67b32d072b9b3803cb0757f2"
  },
  "id": "device_C0:49:EF:D0:48:2C",
  "control_topic": "device_C0:49:EF:D0:48:2C/telemetry",
  "message": "{\"temperature\":26.63,\"battery\":8.90,\"humidity\":36.12,\"timestamp\":95214}",
  "createdAt": {
    "$date": "2025-02-17T12:35:19.171Z"
  },
  "updatedAt": {
    "$date": "2025-02-17T12:35:19.171Z"
  },
  "__v": 0
},
{
  "_id": {
    "$oid": "67b32d0c2b9b3803cb0757f4"
  },
  "id": "device_C0:49:EF:D0:48:2C",
  "control_topic": "device_C0:49:EF:D0:48:2C/telemetry",
  "message": "{\"temperature\":24.04,\"battery\":5.20,\"humidity\":34.01,\"timestamp\":100226}",
  "createdAt": {
    "$date": "2025-02-17T12:35:24.186Z"
  },
  "updatedAt": {
    "$date": "2025-02-17T12:35:24.186Z"
  },
  "__v": 0
},
{
  "_id": {
    "$oid": "67b32d112b9b3803cb0757f6"
  },
  "id": "device_C0:49:EF:D0:48:2C",
  "control_topic": "device_C0:49:EF:D0:48:2C/telemetry",
  "message": "{\"temperature\":29.59,\"battery\":7.00,\"humidity\":53.48,\"timestamp\":105238}",
  "createdAt": {
    "$date": "2025-02-17T12:35:29.199Z"
  },
  "updatedAt": {
    "$date": "2025-02-17T12:35:29.199Z"
  },
  "__v": 0
},
{
  "_id": {
    "$oid": "67b32d162b9b3803cb0757f8"
  },
  "id": "device_C0:49:EF:D0:48:2C",
  "control_topic": "device_C0:49:EF:D0:48:2C/telemetry",
  "message": "{\"temperature\":20.96,\"battery\":7.40,\"humidity\":56.68,\"timestamp\":110250}",
  "createdAt": {
    "$date": "2025-02-17T12:35:34.209Z"
  },
  "updatedAt": {
    "$date": "2025-02-17T12:35:34.209Z"
  },
  "__v": 0
},
{
  "_id": {
    "$oid": "67b32d1b2b9b3803cb0757fa"
  },
  "id": "device_C0:49:EF:D0:48:2C",
  "control_topic": "device_C0:49:EF:D0:48:2C/telemetry",
  "message": "{\"temperature\":20.18,\"battery\":7.60,\"humidity\":63.14,\"timestamp\":115262}",
  "createdAt": {
    "$date": "2025-02-17T12:35:39.220Z"
  },
  "updatedAt": {
    "$date": "2025-02-17T12:35:39.220Z"
  },
  "__v": 0
},
{
  "_id": {
    "$oid": "67b32d202b9b3803cb0757fc"
  },
  "id": "device_C0:49:EF:D0:48:2C",
  "control_topic": "device_C0:49:EF:D0:48:2C/telemetry",
  "message": "{\"temperature\":25.99,\"battery\":8.50,\"humidity\":47.37,\"timestamp\":120274}",
  "createdAt": {
    "$date": "2025-02-17T12:35:44.233Z"
  },
  "updatedAt": {
    "$date": "2025-02-17T12:35:44.233Z"
  },
  "__v": 0
},
{
  "_id": {
    "$oid": "67b32d252b9b3803cb0757fe"
  },
  "id": "device_C0:49:EF:D0:48:2C",
  "control_topic": "device_C0:49:EF:D0:48:2C/telemetry",
  "message": "{\"temperature\":26.39,\"battery\":9.60,\"humidity\":38.80,\"timestamp\":125286}",
  "createdAt": {
    "$date": "2025-02-17T12:35:49.243Z"
  },
  "updatedAt": {
    "$date": "2025-02-17T12:35:49.243Z"
  },
  "__v": 0
},
{
  "_id": {
    "$oid": "67b32d2a2b9b3803cb075800"
  },
  "id": "device_C0:49:EF:D0:48:2C",
  "control_topic": "device_C0:49:EF:D0:48:2C/telemetry",
  "message": "{\"temperature\":25.15,\"battery\":6.40,\"humidity\":34.97,\"timestamp\":130298}",
  "createdAt": {
    "$date": "2025-02-17T12:35:54.254Z"
  },
  "updatedAt": {
    "$date": "2025-02-17T12:35:54.254Z"
  },
  "__v": 0
},
{
  "_id": {
    "$oid": "67b32d2f2b9b3803cb075802"
  },
  "id": "device_C0:49:EF:D0:48:2C",
  "control_topic": "device_C0:49:EF:D0:48:2C/telemetry",
  "message": "{\"temperature\":29.56,\"battery\":8.40,\"humidity\":68.68,\"timestamp\":135310}",
  "createdAt": {
    "$date": "2025-02-17T12:35:59.271Z"
  },
  "updatedAt": {
    "$date": "2025-02-17T12:35:59.271Z"
  },
  "__v": 0
},
{
  "_id": {
    "$oid": "67b32d342b9b3803cb075804"
  },
  "id": "device_C0:49:EF:D0:48:2C",
  "control_topic": "device_C0:49:EF:D0:48:2C/telemetry",
  "message": "{\"temperature\":21.20,\"battery\":9.20,\"humidity\":59.63,\"timestamp\":140322}",
  "createdAt": {
    "$date": "2025-02-17T12:36:04.283Z"
  },
  "updatedAt": {
    "$date": "2025-02-17T12:36:04.283Z"
  },
  "__v": 0
},
{
  "_id": {
    "$oid": "67b32d392b9b3803cb075806"
  },
  "id": "device_C0:49:EF:D0:48:2C",
  "control_topic": "device_C0:49:EF:D0:48:2C/telemetry",
  "message": "{\"temperature\":23.98,\"battery\":9.80,\"humidity\":68.96,\"timestamp\":145334}",
  "createdAt": {
    "$date": "2025-02-17T12:36:09.293Z"
  },
  "updatedAt": {
    "$date": "2025-02-17T12:36:09.293Z"
  },
  "__v": 0
},
{
  "_id": {
    "$oid": "67b32d3e2b9b3803cb075808"
  },
  "id": "device_C0:49:EF:D0:48:2C",
  "control_topic": "device_C0:49:EF:D0:48:2C/telemetry",
  "message": "{\"temperature\":22.46,\"battery\":3.60,\"humidity\":58.61,\"timestamp\":150346}",
  "createdAt": {
    "$date": "2025-02-17T12:36:14.301Z"
  },
  "updatedAt": {
    "$date": "2025-02-17T12:36:14.301Z"
  },
  "__v": 0
},
{
  "_id": {
    "$oid": "67b32d432b9b3803cb07580a"
  },
  "id": "device_C0:49:EF:D0:48:2C",
  "control_topic": "device_C0:49:EF:D0:48:2C/telemetry",
  "message": "{\"temperature\":21.25,\"battery\":9.60,\"humidity\":63.44,\"timestamp\":155357}",
  "createdAt": {
    "$date": "2025-02-17T12:36:19.313Z"
  },
  "updatedAt": {
    "$date": "2025-02-17T12:36:19.313Z"
  },
  "__v": 0
},
{
  "_id": {
    "$oid": "67b32d482b9b3803cb07580c"
  },
  "id": "device_C0:49:EF:D0:48:2C",
  "control_topic": "device_C0:49:EF:D0:48:2C/telemetry",
  "message": "{\"temperature\":25.15,\"battery\":4.50,\"humidity\":69.82,\"timestamp\":160369}",
  "createdAt": {
    "$date": "2025-02-17T12:36:24.330Z"
  },
  "updatedAt": {
    "$date": "2025-02-17T12:36:24.330Z"
  },
  "__v": 0
},
{
  "_id": {
    "$oid": "67b32d4d2b9b3803cb07580e"
  },
  "id": "device_C0:49:EF:D0:48:2C",
  "control_topic": "device_C0:49:EF:D0:48:2C/telemetry",
  "message": "{\"temperature\":22.59,\"battery\":5.50,\"humidity\":45.14,\"timestamp\":165381}",
  "createdAt": {
    "$date": "2025-02-17T12:36:29.342Z"
  },
  "updatedAt": {
    "$date": "2025-02-17T12:36:29.342Z"
  },
  "__v": 0
},
{
  "_id": {
    "$oid": "67b32d522b9b3803cb075810"
  },
  "id": "device_C0:49:EF:D0:48:2C",
  "control_topic": "device_C0:49:EF:D0:48:2C/telemetry",
  "message": "{\"temperature\":23.35,\"battery\":5.20,\"humidity\":63.37,\"timestamp\":170393}",
  "createdAt": {
    "$date": "2025-02-17T12:36:34.363Z"
  },
  "updatedAt": {
    "$date": "2025-02-17T12:36:34.363Z"
  },
  "__v": 0
},
{
  "_id": {
    "$oid": "67b32d572b9b3803cb075812"
  },
  "id": "device_C0:49:EF:D0:48:2C",
  "control_topic": "device_C0:49:EF:D0:48:2C/telemetry",
  "message": "{\"temperature\":28.00,\"battery\":9.30,\"humidity\":41.64,\"timestamp\":175404}",
  "createdAt": {
    "$date": "2025-02-17T12:36:39.361Z"
  },
  "updatedAt": {
    "$date": "2025-02-17T12:36:39.361Z"
  },
  "__v": 0
},
{
  "_id": {
    "$oid": "67b32d5c2b9b3803cb075814"
  },
  "id": "device_C0:49:EF:D0:48:2C",
  "control_topic": "device_C0:49:EF:D0:48:2C/telemetry",
  "message": "{\"temperature\":22.12,\"battery\":7.00,\"humidity\":36.05,\"timestamp\":180416}",
  "createdAt": {
    "$date": "2025-02-17T12:36:44.373Z"
  },
  "updatedAt": {
    "$date": "2025-02-17T12:36:44.373Z"
  },
  "__v": 0
},
{
  "_id": {
    "$oid": "67b32d612b9b3803cb075816"
  },
  "id": "device_C0:49:EF:D0:48:2C",
  "control_topic": "device_C0:49:EF:D0:48:2C/telemetry",
  "message": "{\"temperature\":27.35,\"battery\":4.20,\"humidity\":54.40,\"timestamp\":185428}",
  "createdAt": {
    "$date": "2025-02-17T12:36:49.384Z"
  },
  "updatedAt": {
    "$date": "2025-02-17T12:36:49.384Z"
  },
  "__v": 0
},
{
  "_id": {
    "$oid": "67b32d662b9b3803cb075818"
  },
  "id": "device_C0:49:EF:D0:48:2C",
  "control_topic": "device_C0:49:EF:D0:48:2C/telemetry",
  "message": "{\"temperature\":21.66,\"battery\":6.30,\"humidity\":30.34,\"timestamp\":190440}",
  "createdAt": {
    "$date": "2025-02-17T12:36:54.396Z"
  },
  "updatedAt": {
    "$date": "2025-02-17T12:36:54.396Z"
  },
  "__v": 0
},
{
  "_id": {
    "$oid": "67b32d6b2b9b3803cb07581a"
  },
  "id": "device_C0:49:EF:D0:48:2C",
  "control_topic": "device_C0:49:EF:D0:48:2C/telemetry",
  "message": "{\"temperature\":22.85,\"battery\":6.00,\"humidity\":48.93,\"timestamp\":195452}",
  "createdAt": {
    "$date": "2025-02-17T12:36:59.409Z"
  },
  "updatedAt": {
    "$date": "2025-02-17T12:36:59.409Z"
  },
  "__v": 0
},
{
  "_id": {
    "$oid": "67b32d702b9b3803cb07581c"
  },
  "id": "device_C0:49:EF:D0:48:2C",
  "control_topic": "device_C0:49:EF:D0:48:2C/telemetry",
  "message": "{\"temperature\":28.44,\"battery\":8.80,\"humidity\":59.97,\"timestamp\":200464}",
  "createdAt": {
    "$date": "2025-02-17T12:37:04.418Z"
  },
  "updatedAt": {
    "$date": "2025-02-17T12:37:04.418Z"
  },
  "__v": 0
},
{
  "_id": {
    "$oid": "67b32d752b9b3803cb07581e"
  },
  "id": "device_C0:49:EF:D0:48:2C",
  "control_topic": "device_C0:49:EF:D0:48:2C/telemetry",
  "message": "{\"temperature\":22.68,\"battery\":8.70,\"humidity\":69.79,\"timestamp\":205476}",
  "createdAt": {
    "$date": "2025-02-17T12:37:09.434Z"
  },
  "updatedAt": {
    "$date": "2025-02-17T12:37:09.434Z"
  },
  "__v": 0
},
{
  "_id": {
    "$oid": "67b32d7a2b9b3803cb075820"
  },
  "id": "device_C0:49:EF:D0:48:2C",
  "control_topic": "device_C0:49:EF:D0:48:2C/telemetry",
  "message": "{\"temperature\":28.55,\"battery\":7.30,\"humidity\":56.21,\"timestamp\":210488}",
  "createdAt": {
    "$date": "2025-02-17T12:37:14.441Z"
  },
  "updatedAt": {
    "$date": "2025-02-17T12:37:14.441Z"
  },
  "__v": 0
},
{
  "_id": {
    "$oid": "67b32d7f2b9b3803cb075822"
  },
  "id": "device_C0:49:EF:D0:48:2C",
  "control_topic": "device_C0:49:EF:D0:48:2C/telemetry",
  "message": "{\"temperature\":27.64,\"battery\":6.70,\"humidity\":68.37,\"timestamp\":215500}",
  "createdAt": {
    "$date": "2025-02-17T12:37:19.458Z"
  },
  "updatedAt": {
    "$date": "2025-02-17T12:37:19.458Z"
  },
  "__v": 0
},
{
  "_id": {
    "$oid": "67b32d842b9b3803cb075824"
  },
  "id": "device_C0:49:EF:D0:48:2C",
  "control_topic": "device_C0:49:EF:D0:48:2C/telemetry",
  "message": "{\"temperature\":29.84,\"battery\":7.90,\"humidity\":47.15,\"timestamp\":220512}",
  "createdAt": {
    "$date": "2025-02-17T12:37:24.465Z"
  },
  "updatedAt": {
    "$date": "2025-02-17T12:37:24.465Z"
  },
  "__v": 0
},
{
  "_id": {
    "$oid": "67b32d892b9b3803cb075826"
  },
  "id": "device_C0:49:EF:D0:48:2C",
  "control_topic": "device_C0:49:EF:D0:48:2C/telemetry",
  "message": "{\"temperature\":22.37,\"battery\":3.70,\"humidity\":54.19,\"timestamp\":225524}",
  "createdAt": {
    "$date": "2025-02-17T12:37:29.518Z"
  },
  "updatedAt": {
    "$date": "2025-02-17T12:37:29.518Z"
  },
  "__v": 0
},
{
  "_id": {
    "$oid": "67b32d8e2b9b3803cb075828"
  },
  "id": "device_C0:49:EF:D0:48:2C",
  "control_topic": "device_C0:49:EF:D0:48:2C/telemetry",
  "message": "{\"temperature\":27.67,\"battery\":5.30,\"humidity\":49.92,\"timestamp\":230535}",
  "createdAt": {
    "$date": "2025-02-17T12:37:34.809Z"
  },
  "updatedAt": {
    "$date": "2025-02-17T12:37:34.809Z"
  },
  "__v": 0
}]